Rank,Name,Platform,Year,Genre,Publisher,NA_Sales,EU_Sales,JP_Sales,Other_Sales,Global_Sales
1,Wii Sports,Wii,2006,Sports,Nintendo,41.49,29.02,3.77,8.46,82.74
2,Super Mario Bros.,NES,1985,Platform,Nintendo,29.08,3.58,6.81,0.77,40.24
3,Mario Kart Wii,Wii,2008,Racing,Nintendo,15.85,12.88,3.79,3.31,35.82
4,Wii Sports Resort,Wii,2009,Sports,Nintendo,15.75,11.01,3.28,2.96,33
5,Pokemon Red/Pokemon Blue,GB,1996,Role-Playing,Nintendo,11.27,8.89,10.22,1,31.37
6,Tetris,GB,1989,Puzzle,Nintendo,23.2,2.26,4.22,0.58,30.26
7,New Super Mario Bros.,DS,2006,Platform,Nintendo,11.38,9.23,6.5,2.9,30.01
8,Wii Play,Wii,2006,Misc,Nintendo,14.03,9.2,2.93,2.85,29.02
9,New Super Mario Bros. Wii,Wii,2009,Platform,Nintendo,14.59,7.06,4.7,2.26,28.62
10,Duck Hunt,NES,1984,Shooter,Nintendo,26.93,0.63,0.28,0.47,28.31
11,Nintendogs,DS,2005,Simulation,Nintendo,9.07,11,1.93,2.75,24.76
12,Mario Kart DS,DS,2005,Racing,Nintendo,9.81,7.57,4.13,1.92,23.42
13,Pokemon Gold/Pokemon Silver,GB,1999,Role-Playing,Nintendo,9,6.18,7.2,0.71,23.1
14,Wii Fit,Wii,2007,Sports,Nintendo,8.94,8.03,3.6,2.15,22.72
15,Wii Fit Plus,Wii,2009,Sports,Nintendo,9.09,8.59,2.53,1.79,22
16,Super Mario World,SNES,1990,Platform,Nintendo,12.78,3.75,3.54,0.55,20.61
17,Brain Age: Train Your Brain in Minutes a Day,DS,2005,Misc,Nintendo,4.75,9.26,4.16,2.05,20.22
18,Pokemon Diamond/Pokemon Pearl,DS,2006,Role-Playing,Nintendo,6.42,4.52,6.04,1.37,18.36
19,Super Mario Land,GB,1989,Platform,Nintendo,10.83,2.71,4.18,0.42,18.14
20,Super Mario Bros. 3,NES,1988,Platform,Nintendo,9.54,3.44,3.84,0.46,17.28
21,Pokemon Ruby/Pokemon Sapphire,GBA,2002,Role-Playing,Nintendo,6.06,3.9,5.38,0.5,15.85
22,Pokemon Black/Pokemon White,DS,2010,Role-Playing,Nintendo,5.57,3.28,5.65,0.82,15.32
23,Brain Age 2: More Training in Minutes a Day,DS,2005,Puzzle,Nintendo,3.44,5.36,5.32,1.18,15.3
24,Pokémon Yellow: Special Pikachu Edition,GB,1998,Role-Playing,Nintendo,5.89,5.04,3.12,0.59,14.64
25,Pokemon X/Pokemon Y,3DS,2013,Role-Playing,Nintendo,5.17,4.05,4.34,0.79,14.35
26,Super Smash Bros. Brawl,Wii,2008,Fighting,Nintendo,6.75,2.61,2.66,1.02,13.04
27,Animal Crossing: Wild World,DS,2005,Simulation,Nintendo,2.55,3.52,5.33,0.88,12.27
28,Mario Kart 7,3DS,2011,Racing,Nintendo,4.74,3.91,2.67,0.89,12.21
29,Pokemon HeartGold/Pokemon SoulSilver,DS,2009,Action,Nintendo,4.4,2.77,3.96,0.77,11.9
30,Super Mario 64,N64,1996,Platform,Nintendo,6.91,2.85,1.91,0.23,11.89
31,Super Mario Galaxy,Wii,2007,Platform,Nintendo,6.16,3.4,1.2,0.76,11.52
32,Pokemon Omega Ruby/Pokemon Alpha Sapphire,3DS,2014,Role-Playing,Nintendo,4.23,3.37,3.08,0.65,11.33
33,Super Mario Land 2: 6 Golden Coins,GB,1992,Adventure,Nintendo,6.16,2.04,2.69,0.29,11.18
34,Super Mario 3D Land,3DS,2011,Platform,Nintendo,4.89,2.99,2.13,0.78,10.79
35,Super Mario All-Stars,SNES,1993,Platform,Nintendo,5.99,2.15,2.12,0.29,10.55
36,Pokemon FireRed/Pokemon LeafGreen,GBA,2004,Role-Playing,Nintendo,4.34,2.65,3.15,0.35,10.49
37,Super Mario 64,DS,2004,Platform,Nintendo,5.08,3.11,1.25,0.98,10.42
38,Mario Kart 64,N64,1996,Racing,Nintendo,5.55,1.94,2.23,0.15,9.87
39,New Super Mario Bros. 2,3DS,2012,Platform,Nintendo,3.66,3.07,2.47,0.63,9.82
40,Donkey Kong Country,SNES,1994,Platform,Nintendo,4.36,1.71,3,0.23,9.3
41,Animal Crossing: New Leaf,3DS,2012,Simulation,Nintendo,2.01,2.32,4.36,0.41,9.09
42,Mario Party DS,DS,2007,Misc,Nintendo,4.46,1.88,1.98,0.7,9.02
43,Super Mario Kart,SNES,1992,Racing,Nintendo,3.54,1.24,3.81,0.18,8.76
44,Wii Party,Wii,2010,Misc,Nintendo,1.79,3.53,2.49,0.68,8.49
45,Mario Party 8,Wii,2007,Misc,Nintendo,3.81,2.3,1.58,0.73,8.42
46,Pokemon Black 2/Pokemon White 2,DS,2012,Role-Playing,Nintendo,2.91,1.86,3.14,0.43,8.33
47,GoldenEye 007,N64,1997,Shooter,Nintendo,5.8,2.01,0.13,0.15,8.09
48,Pokémon Platinum Version,DS,2008,Role-Playing,Nintendo,2.82,1.78,2.69,0.55,7.84
49,Super Mario Galaxy 2,Wii,2010,Platform,Nintendo,3.66,2.42,0.98,0.64,7.69
50,The Legend of Zelda: Ocarina of Time,N64,1998,Action,Nintendo,4.1,1.89,1.45,0.16,7.6
51,Super Mario Bros. 2,NES,1988,Platform,Nintendo,5.39,1.18,0.7,0.19,7.46
52,Super Smash Bros. for Wii U and 3DS,3DS,2014,Fighting,Nintendo,3.24,1.35,2.42,0.43,7.45
53,The Legend of Zelda: Twilight Princess,Wii,2006,Action,Nintendo,3.83,2.19,0.6,0.7,7.31
54,Super Smash Bros. Melee,GC,2001,Fighting,Nintendo,4.41,1.04,1.39,0.22,7.07
55,Mario Kart 8,WiiU,2014,Racing,Nintendo,3.13,2.07,1.27,0.49,6.96
56,Mario Kart: Double Dash!!,GC,2003,Racing,Nintendo,4.12,1.77,0.87,0.19,6.95
57,Big Brain Academy,DS,2005,Misc,Nintendo,1.67,2.78,1.6,0.62,6.67
58,Donkey Kong Country Returns,Wii,2010,Platform,Nintendo,3.25,1.84,1.03,0.47,6.59
59,The Legend of Zelda,NES,1986,Action,Nintendo,3.74,0.93,1.69,0.14,6.51
60,Pokémon Emerald Version,GBA,2004,Role-Playing,Nintendo,2.57,1.58,2.06,0.21,6.41
61,Pokémon Crystal Version,GB,2000,Role-Playing,Nintendo,2.55,1.56,1.29,0.99,6.39
62,Super Mario Sunshine,GC,2002,Platform,Nintendo,4.01,1.26,0.87,0.17,6.31
63,Dragon Quest IX: Sentinels of the Starry Skies,DS,2009,Role-Playing,Nintendo,0.66,0.69,4.35,0.15,5.84
64,Tetris,NES,1988,Puzzle,Nintendo,2.97,0.69,1.81,0.11,5.58
65,Super Smash Bros.,N64,1999,Fighting,Nintendo,2.95,0.6,1.97,0.04,5.55
66,Super Mario Advance,GBA,2001,Platform,Nintendo,3.14,1.24,0.91,0.2,5.49
67,Mario Kart: Super Circuit,GBA,2001,Racing,Nintendo,2.62,1.64,0.99,0.23,5.47
68,Super Mario World,GBA,2001,Platform,Nintendo,3.21,1.11,0.95,0.2,5.46
69,Pokemon Stadium,N64,1999,Strategy,Nintendo,3.18,1.24,0.94,0.09,5.45
70,Dr. Mario,GB,1989,Puzzle,Nintendo,2.18,0.96,2,0.2,5.34
71,Pokemon Pinball,GB,1999,Misc,Nintendo,3.02,1.12,1.01,0.16,5.31
72,Donkey Kong 64,N64,1999,Platform,Nintendo,3.33,0.79,1.09,0.06,5.27
73,Professor Layton and the Curious Village,DS,2007,Puzzle,Nintendo,1.22,2.48,1.03,0.52,5.26
74,Super Mario Bros. 3,GBA,2003,Platform,Nintendo,2.93,1.25,0.83,0.2,5.2
75,New Super Mario Bros. U,WiiU,2012,Platform,Nintendo,2.32,1.3,1.27,0.31,5.19
76,Super Mario Land 3: Wario Land,GB,1994,Platform,Nintendo,2.49,0.98,1.57,0.15,5.19
77,The Legend of Zelda: Phantom Hourglass,DS,2007,Action,Nintendo,1.9,1.83,0.95,0.49,5.17
78,Donkey Kong Country 2: Diddy's Kong Quest,SNES,1995,Platform,Nintendo,2.1,0.74,2.2,0.11,5.15
79,Tomodachi Life,3DS,2013,Simulation,Nintendo,0.96,2.02,1.89,0.28,5.15
80,Kirby's Dream Land,GB,1992,Platform,Nintendo,2.71,0.61,1.7,0.11,5.13
81,Super Mario Bros.,GB,1999,Platform,Nintendo,3.4,1.3,0.15,0.22,5.07
82,Super Smash Bros. for Wii U and 3DS,WiiU,2014,Fighting,Nintendo,2.59,1.06,0.8,0.57,5.02
83,Link's Crossbow Training,Wii,2007,Shooter,Nintendo,3.06,1.18,0.29,0.46,5
84,Pokemon Mystery Dungeon: Explorers of Time/Explorers of Darkness,DS,2007,Role-Playing,Nintendo,1.85,1.2,1.54,0.37,4.96
85,Diddy Kong Racing,N64,1997,Racing,Nintendo,2.91,0.99,0.89,0.1,4.88
86,Dr. Mario,NES,1990,Puzzle,Nintendo,2.62,0.6,1.52,0.1,4.85
87,Animal Crossing: City Folk,Wii,2008,Simulation,Nintendo,1.87,1.12,1.32,0.37,4.68
88,The Legend of Zelda: A Link to the Past,SNES,1991,Action,Nintendo,2.42,0.91,1.15,0.13,4.61
89,The Legend of Zelda: The Wind Waker,GC,2002,Action,Nintendo,2.6,0.99,0.89,0.13,4.6
90,Luigi's Mansion: Dark Moon,3DS,2013,Action,Nintendo,1.78,1.39,1.1,0.3,4.58
91,Splatoon,WiiU,2015,Shooter,Nintendo,1.55,1.15,1.44,0.43,4.57
92,Nintendo Land,WiiU,2012,Misc,Nintendo,2.55,1.11,0.46,0.33,4.44
93,Zelda II: The Adventure of Link,NES,1987,Adventure,Nintendo,2.19,0.5,1.61,0.08,4.38
94,Super Mario 3D World,WiiU,2013,Platform,Nintendo,2.11,1.11,0.72,0.3,4.25
95,The Legend of Zelda: Ocarina of Time,3DS,2011,Action,Nintendo,2.03,1.27,0.62,0.3,4.21
96,Excitebike,NES,1984,Racing,Nintendo,2.04,0.48,1.57,0.07,4.16
97,Super Mario World 2: Yoshi's Island,SNES,1995,Platform,Nintendo,1.65,0.61,1.76,0.09,4.12
98,The Legend of Zelda: Skyward Sword,Wii,2011,Action,Nintendo,2.14,1.2,0.37,0.4,4.1
99,Star Fox 64,N64,1997,Shooter,Nintendo,2.78,0.58,0.64,0.04,4.03
100,Golf,NES,1984,Sports,Nintendo,1.22,0.28,2.46,0.04,4.01
101,Professor Layton and the Diabolical Box,DS,2007,Puzzle,Nintendo,0.92,1.78,0.92,0.37,4
102,Donkey Kong Land,GB,1994,Platform,Nintendo,1.97,0.76,1.07,0.11,3.91
103,Monster Hunter 4 Ultimate,3DS,2014,Role-Playing,Nintendo,0.67,0.49,2.62,0.11,3.89
104,Flash Focus: Vision Training in Minutes a Day,DS,2007,Misc,Nintendo,0.87,1.57,1.05,0.35,3.84
105,The Legend of Zelda: Link's Awakening,GB,1992,Action,Nintendo,2.21,0.96,0.54,0.13,3.83
106,Mario & Luigi: Bowser's Inside Story,DS,2009,Role-Playing,Nintendo,2.26,0.48,0.81,0.27,3.83
107,Big Brain Academy: Wii Degree,Wii,2007,Misc,Nintendo,1.06,1.93,0.41,0.43,3.82
108,Nintendogs + cats,3DS,2011,Simulation,Nintendo,1.44,1.37,0.73,0.27,3.81
109,Super Paper Mario,Wii,2007,Platform,Nintendo,1.98,0.88,0.59,0.32,3.76
110,Pokémon Trading Card Game,GB,1998,Strategy,Nintendo,1.49,0.73,1.38,0.1,3.7
111,Friend Collection,DS,2009,Misc,Nintendo,0,0,3.67,0,3.67
112,Banjo-Kazooie,N64,1998,Platform,Nintendo,1.87,1.13,0.55,0.1,3.65
113,Pokemon Snap,N64,1999,Simulation,Nintendo,2.23,0.68,0.66,0.06,3.63
114,Luigi's Mansion,GC,2001,Action,Nintendo,2.38,0.67,0.46,0.1,3.6
115,Donkey Kong Country 3: Dixie Kong's Double Trouble!,SNES,1996,Platform,Nintendo,1.17,0.5,1.75,0.08,3.51
116,Kung Fu,NES,1985,Action,Nintendo,1.64,0.38,1.42,0.06,3.5
117,Clubhouse Games,DS,2006,Misc,Nintendo,0.59,1.83,0.73,0.35,3.5
118,F-1 Race,GB,1990,Racing,Nintendo,1.73,0.69,0.59,0.4,3.41
119,The Legend of Zelda: Spirit Tracks,DS,2009,Action,Nintendo,1.43,0.94,0.74,0.27,3.38
120,The Legend of Zelda: Majora's Mask,N64,2000,Action,Nintendo,1.9,0.67,0.73,0.06,3.36
121,Professor Layton and the Unwound Future,DS,2008,Puzzle,Nintendo,0.65,1.61,0.82,0.28,3.36
122,English Training: Have Fun Improving Your Skills!,DS,2006,Misc,Nintendo,0,0.99,2.32,0.02,3.33
123,Mario Party 9,Wii,2012,Misc,Nintendo,1.15,1.17,0.76,0.24,3.32
124,Wii Music,Wii,2008,Misc,Nintendo,1.36,1.13,0.46,0.32,3.27
125,Yokai Watch 2 Ganso/Honke,3DS,2014,Role-Playing,Nintendo,0.03,0,3.18,0,3.22
126,Baseball,NES,1983,Sports,Nintendo,0.73,0.1,2.35,0.02,3.2
127,Killer Instinct,SNES,1995,Fighting,Nintendo,2.26,0.72,0.12,0.1,3.2
128,Super Mario Maker,WiiU,2015,Platform,Nintendo,1.18,0.87,0.93,0.2,3.18
129,Rhythm Heaven,DS,2008,Misc,Nintendo,0.58,0.51,1.93,0.14,3.17
130,Animal Crossing,GC,2001,Simulation,Nintendo,1.92,0.16,0.99,0.09,3.15
131,Star Wars Episode I Racer,N64,1999,Racing,Nintendo,2.31,0.62,0.14,0.04,3.12
132,Personal Trainer: Cooking,DS,2006,Misc,Nintendo,0.91,1,1.03,0.17,3.12
133,The Legend of Zelda: A Link Between Worlds,3DS,2013,Action,Nintendo,1.4,0.99,0.46,0.22,3.07
134,Donkey Kong,GB,1994,Platform,Nintendo,1.57,0.62,0.55,0.34,3.07
135,Mike Tyson's Punch-Out!!,NES,1987,Fighting,Nintendo,2.03,0.47,0.45,0.07,3.02
136,Star Fox,SNES,1993,Shooter,Nintendo,1.61,0.51,0.8,0.07,2.99
137,Animal Crossing: Happy Home Designer,3DS,2015,Simulation,Nintendo,0.47,1,1.39,0.12,2.98
138,Kirby Super Star Ultra,DS,2008,Platform,Nintendo,1.57,0.04,1.19,0.15,2.96
139,Wave Race 64,N64,1996,Racing,Nintendo,1.98,0.58,0.34,0.04,2.94
140,WarioWare: Smooth Moves,Wii,2006,Puzzle,Nintendo,0.87,1.06,0.73,0.26,2.92
141,Super Mario World 2: Yoshi's Island,GBA,2002,Platform,Nintendo,1.75,0.45,0.62,0.09,2.91
142,F-Zero,SNES,1990,Racing,Nintendo,1.37,0.51,0.89,0.07,2.85
143,Yoshi's Story,N64,1997,Platform,Nintendo,1.29,0.53,0.98,0.05,2.85
144,Metroid Prime,GC,2002,Shooter,Nintendo,1.96,0.67,0.1,0.09,2.82
145,Yoshi's Island DS,DS,2006,Platform,Nintendo,1.47,0.07,1.1,0.15,2.8
146,Professor Layton and the Last Specter,DS,2009,Puzzle,Nintendo,0.3,1.47,0.68,0.34,2.79
147,Monster Hunter Tri,3DS,2011,Role-Playing,Nintendo,0.46,0.29,1.96,0.07,2.79
148,Mario Paint,SNES,1992,Misc,Nintendo,1.43,0.54,0.71,0.07,2.75
149,Pokémon Stadium 2,N64,2000,Strategy,Nintendo,1.02,0.36,1.13,0.23,2.73
150,Metroid,NES,1986,Action,Nintendo,1.33,0.31,1.04,0.05,2.73
151,The Legend of Zelda: A Link to the Past,GBA,2002,Action,Nintendo,1.75,0.52,0.33,0.1,2.7
152,Mario Party,N64,1998,Misc,Nintendo,1.25,0.53,0.87,0.05,2.7
153,Mario vs. Donkey Kong: Mini-Land Mayhem!,DS,2010,Puzzle,Nintendo,1.63,0.52,0.35,0.18,2.69
154,Super Mario Bros.: The Lost Levels,NES,1986,Platform,Nintendo,0,0,2.65,0,2.65
155,Star Wars: Shadows of the Empire,N64,1996,Action,Nintendo,2,0.5,0.12,0.03,2.65
156,Mario Strikers Charged,Wii,2007,Sports,Nintendo,1.07,1.06,0.24,0.25,2.62
157,Style Savvy,DS,2008,Simulation,Nintendo,0.63,0.84,0.96,0.19,2.61
158,Super Mario All-Stars: Limited Edition,Wii,2010,Platform,Nintendo,1.02,0.52,0.92,0.14,2.6
159,Art Academy,DS,2010,Misc,Nintendo,0.28,1.68,0.33,0.28,2.57
160,Pokémon Colosseum,GC,2003,Role-Playing,Nintendo,1.21,0.57,0.7,0.07,2.54
161,Perfect Dark,N64,2000,Action,Nintendo,1.55,0.75,0.16,0.06,2.52
162,Mario Party 2,N64,1999,Misc,Nintendo,1.28,0.14,1.08,0.01,2.5
163,Mario Party 4,GC,2002,Misc,Nintendo,1.13,0.36,0.92,0.07,2.47
164,Ice Hockey,NES,1988,Sports,Nintendo,1.27,0.32,0.78,0.05,2.42
165,Pro Wrestling,NES,1987,Fighting,Nintendo,0.77,0.18,1.42,0.03,2.4
166,Kirby's Dream Land 2,GB,1995,Platform,Nintendo,0.69,0.14,1.48,0.05,2.36
167,Donkey Kong Land II,GB,1996,Platform,Nintendo,1.39,0.48,0.4,0.08,2.35
168,The Legend of Zelda: Majora's Mask 3D,3DS,2015,Action,Nintendo,1.14,0.54,0.47,0.17,2.32
169,Mario Tennis,N64,2000,Sports,Nintendo,0.78,0.4,1.06,0.07,2.32
170,WarioWare Touched!,DS,2004,Puzzle,Nintendo,0.52,0.45,1.21,0.13,2.31
171,Pokemon Ranger: Shadows of Almia,DS,2008,Role-Playing,Nintendo,0.95,0.54,0.62,0.18,2.3
172,Mario Bros.,NES,1983,Platform,Nintendo,0.51,0.12,1.63,0.02,2.28
173,Paper Mario: Sticker Star,3DS,2012,Role-Playing,Nintendo,1.12,0.39,0.64,0.12,2.27
174,Kirby: Nightmare in Dream Land,GBA,2002,Platform,Nintendo,1.22,0.1,0.91,0.04,2.27
175,Wario Land 4,GBA,2001,Platform,Nintendo,0.9,0.73,0.54,0.09,2.26
176,Paper Mario: The Thousand-Year Door,GC,2004,Role-Playing,Nintendo,1.48,0.25,0.46,0.06,2.25
177,Monster Hunter Tri,Wii,2009,Role-Playing,Nintendo,0.67,0.41,1.05,0.11,2.25
178,New Super Luigi U,WiiU,2013,Platform,Nintendo,1.27,0.62,0.18,0.16,2.22
179,The Legend of Zelda: Link's Awakening DX,GB,1998,Adventure,Nintendo,1,0.63,0.45,0.13,2.22
180,Wario Land 3,GB,2000,Platform,Nintendo,1.11,0.51,0.34,0.23,2.2
181,Kirby's Pinball Land,GB,1992,Misc,Nintendo,0.87,0.17,1.1,0.05,2.19
182,Donkey Kong Country,GB,2000,Platform,Nintendo,1.04,0.72,0.3,0.13,2.19
183,Pokemon Ranger,DS,2006,Role-Playing,Nintendo,1.29,0.04,0.73,0.12,2.18
184,Mario & Luigi: Superstar Saga,GBA,2003,Role-Playing,Nintendo,1.48,0.17,0.47,0.06,2.17
185,Star Wars: Rogue Squadron,N64,1998,Simulation,Nintendo,1.6,0.46,0.08,0.03,2.17
186,Tennis,NES,1984,Sports,Nintendo,0.48,0.11,1.56,0.02,2.17
187,Volleyball,NES,1987,Sports,Nintendo,0.14,0.03,1.98,0,2.15
188,Super Mario RPG: Legend of the Seven Stars,SNES,1996,Role-Playing,Nintendo,0.66,0,1.45,0.03,2.14
189,Mahjong,NES,1983,Misc,Nintendo,0.01,0,2.13,0,2.14
190,R.C. Pro-Am,NES,1988,Racing,Nintendo,1.47,0.38,0.19,0.1,2.14
191,Tetris DS,DS,2006,Puzzle,Nintendo,0.64,0.07,1.35,0.08,2.13
192,Kirby's Epic Yarn,Wii,2010,Platform,Nintendo,1.47,0.09,0.45,0.11,2.12
193,Golf,GB,1989,Sports,Nintendo,0.83,0.33,0.92,0.04,2.12
194,Mario Sports Mix,Wii,2010,Sports,Nintendo,0.9,0.45,0.63,0.13,2.11
195,Mario Party 5,GC,2003,Misc,Nintendo,0.97,0.33,0.73,0.06,2.08
196,Pokemon Mystery Dungeon: Red/Blue Rescue Team,GBA,2005,Role-Playing,Nintendo,0.71,0.52,0.74,0.08,2.06
197,Mario & Luigi: Dream Team,3DS,2013,Role-Playing,Nintendo,0.89,0.57,0.46,0.13,2.06
198,Pokémon Mystery Dungeon: Blue Rescue Team,DS,2005,Role-Playing,Nintendo,1.16,0.06,0.83,0,2.05
199,Donkey Kong Country,GBA,2003,Platform,Nintendo,1.2,0.48,0.29,0.07,2.04
200,1080°: TenEighty Snowboarding,N64,1998,Sports,Nintendo,1.25,0.61,0.13,0.05,2.03
201,Fire Emblem: Awakening,3DS,2012,Role-Playing,Nintendo,0.89,0.45,0.53,0.13,2
202,Super Street Fighter II,SNES,1993,Fighting,Nintendo,0.52,0.16,1.29,0.03,2
203,Tennis,GB,1989,Sports,Nintendo,0.75,0.3,0.9,0.04,1.99
204,SimCity,SNES,1991,Simulation,Nintendo,0.93,0.27,0.75,0.04,1.98
205,Rad Racer,NES,1986,Racing,Nintendo,1.13,0.37,0.41,0.05,1.96
206,Soccer,NES,1985,Sports,Nintendo,0.18,0.23,1.53,0.02,1.96
207,Kirby Squeak Squad,DS,2006,Platform,Nintendo,0.79,0.03,1.05,0.08,1.96
208,Alleyway,GB,1989,Puzzle,Nintendo,0.96,0.38,0.55,0.05,1.94
209,Tetris DX,GB,1998,Puzzle,Nintendo,1.06,0.6,0.2,0.07,1.93
210,Mario Super Sluggers,Wii,2008,Sports,Nintendo,1.51,0,0.29,0.12,1.93
211,The Legend of Zelda: Oracle of Ages,GB,2001,Action,Nintendo,0.92,0.53,0.41,0.06,1.92
212,Mario Party 3,N64,2000,Misc,Nintendo,0.72,0.16,1.01,0.02,1.91
213,Yokai Watch,3DS,2013,Role-Playing,Nintendo,0.21,0.3,1.33,0.04,1.89
214,Star Fox Adventures,GC,2002,Adventure,Nintendo,0.96,0.53,0.3,0.09,1.87
215,Donkey Kong Country Returns,3DS,2013,Platform,Nintendo,0.73,0.62,0.4,0.12,1.87
216,The Legend of Zelda: Oracle of Seasons,GB,2001,Adventure,Nintendo,0.87,0.52,0.41,0.06,1.86
217,Mario Party: Island Tour,3DS,2013,Misc,Nintendo,0.61,0.59,0.55,0.11,1.85
218,Pinball,NES,1984,Action,Nintendo,0.8,0.19,0.83,0.03,1.85
219,"Hey You, Pikachu!",N64,1998,Simulation,Nintendo,0.83,0.06,0.93,0,1.83
220,Kirby: Triple Deluxe,3DS,2014,Platform,Nintendo,0.61,0.34,0.79,0.09,1.82
221,Metroid Prime 3: Corruption,Wii,2007,Shooter,Nintendo,0.91,0.74,0.07,0.09,1.82
222,Dragon Quest VI: Realms of Revelation,DS,2010,Role-Playing,Nintendo,0.22,0.21,1.35,0.03,1.81
223,Professor Layton and the Mask of Miracle,3DS,2011,Puzzle,Nintendo,0.32,0.95,0.36,0.14,1.78
224,The Legend of Zelda: The Wind Waker,WiiU,2013,Action,Nintendo,0.93,0.57,0.14,0.13,1.77
225,Wii Party U,WiiU,2013,Misc,Nintendo,0.31,0.54,0.84,0.08,1.77
226,Kirby 64: The Crystal Shards,N64,2000,Platform,Nintendo,0.63,0.06,1.03,0.04,1.77
227,Metroid II: Return of Samus,GB,1991,Adventure,Nintendo,0.85,0.31,0.56,0.04,1.76
228,Golden Sun,GBA,2001,Role-Playing,Nintendo,0.93,0.38,0.4,0.06,1.76
229,Kid Icarus,NES,1986,Platform,Nintendo,0.53,0.12,1.09,0.02,1.76
230,Yoshi,NES,1991,Puzzle,Nintendo,0.7,0.13,0.91,0.01,1.75
231,Kirby's Adventure,NES,1993,Platform,Nintendo,0.79,0.14,0.8,0.02,1.75
232,Cruis'n USA,N64,1996,Racing,Nintendo,1.69,0.04,0,0.01,1.74
233,Kanshuu Nippon Joushikiryoku Kentei Kyoukai: Imasara Hito ni wa Kikenai Otona no Joushikiryoku Training DS,DS,2006,Misc,Nintendo,0,0,1.71,0,1.71
234,Personal Trainer: Math,DS,2007,Puzzle,Nintendo,0.49,1.12,0,0.09,1.7
235,Kirby's Return to Dreamland,Wii,2011,Platform,Nintendo,0.62,0.21,0.79,0.08,1.7
236,Yoshi's Cookie,GB,1992,Puzzle,Nintendo,0.59,0.24,0.82,0.03,1.68
237,Metroid Fusion,GBA,2002,Action,Nintendo,1.18,0.27,0.17,0.06,1.68
238,Mario Party 6,GC,2004,Misc,Nintendo,0.9,0.11,0.6,0.05,1.65
239,Super Scope 6,SNES,1991,Shooter,Nintendo,1.06,0.38,0.15,0.05,1.65
240,Kirby & the Amazing Mirror,GBA,2004,Platform,Nintendo,0.8,0.05,0.76,0.03,1.64
241,Pikmin,GC,2001,Strategy,Nintendo,0.78,0.25,0.56,0.04,1.63
242,Mario Hoops 3 on 3,DS,2006,Sports,Nintendo,0.99,0.04,0.49,0.1,1.62
243,Kirby Air Ride,GC,2003,Racing,Nintendo,1.01,0.11,0.45,0.04,1.62
244,Pokemon Battle Revolution,Wii,2006,Role-Playing,Nintendo,0.8,0.38,0.3,0.13,1.61
245,Baseball,GB,1989,Sports,Nintendo,0.66,0.27,0.65,0.03,1.61
246,Super Mario Strikers,GC,2005,Sports,Nintendo,0.98,0.38,0.2,0.04,1.61
247,The Legend of Zelda: Twilight Princess,GC,2006,Action,Nintendo,1.15,0.36,0.04,0.04,1.59
248,Pokemon Mystery Dungeon: Explorers of Sky,DS,2009,Role-Playing,Nintendo,0.58,0.44,0.44,0.12,1.58
249,Mario Party 7,GC,2005,Misc,Nintendo,0.95,0.11,0.46,0.04,1.57
250,Donkey Kong Classics,NES,1988,Platform,Nintendo,0.59,0.14,0.81,0.02,1.56
251,Pokemon Pinball: Ruby & Sapphire,GBA,2003,Misc,Nintendo,0.68,0.38,0.44,0.05,1.56
252,Mario Party 10,WiiU,2015,Misc,Nintendo,0.69,0.5,0.24,0.11,1.55
253,Fire Emblem Fates,3DS,2015,Role-Playing,Nintendo,0.71,0.22,0.52,0.1,1.54
254,Mario Golf: Toadstool Tour,GC,2003,Sports,Nintendo,1.09,0.15,0.25,0.04,1.53
255,Donkey Kong Country: Tropical Freeze,WiiU,2014,Platform,Nintendo,0.73,0.52,0.15,0.12,1.52
256,F1 Race,NES,1984,Racing,Nintendo,0,0,1.52,0,1.52
257,Ice Climber,NES,1985,Platform,Nintendo,0.46,0.1,0.92,0.02,1.5
258,Final Fantasy: Crystal Chronicles,GC,2003,Role-Playing,Nintendo,0.72,0.38,0.36,0.04,1.49
259,Banjo-Tooie,N64,2000,Platform,Nintendo,0.82,0.36,0.25,0.06,1.49
260,New Play Control! Mario Power Tennis,Wii,2009,Sports,Nintendo,0.37,0.69,0.28,0.14,1.48
261,Nintendo World Cup,NES,1990,Sports,Nintendo,0.28,0.5,0.65,0.05,1.48
262,Wario Land II,GB,1997,Platform,Nintendo,0.7,0.35,0.39,0.04,1.48
263,Mario Golf,N64,1999,Action,Nintendo,0.62,0.18,0.65,0.02,1.47
264,Mario Superstar Baseball,GC,2005,Sports,Nintendo,0.93,0.24,0.25,0.04,1.46
265,LEGO City Undercover,3DS,2013,Platform,Nintendo,0.51,0.75,0.07,0.12,1.46
266,4 Nin uchi Mahjong,NES,1984,Misc,Nintendo,0,0,1.45,0,1.45
267,Kirby Super Star,SNES,1996,Platform,Nintendo,0.26,0.07,1.09,0.02,1.44
268,Classic NES Series: Super Mario Bros.,GBA,2004,Platform,Nintendo,0,0,1.39,0.03,1.43
269,The Legend of Zelda: The Minish Cap,GBA,2004,Action,Nintendo,0.89,0.22,0.22,0.1,1.42
270,Super Metroid,SNES,1994,Action,Nintendo,0.57,0.12,0.71,0.02,1.42
271,Inazuma Eleven 2,DS,2009,Role-Playing,Nintendo,0,0.21,1.18,0.03,1.42
272,Metroid: Other M,Wii,2010,Action,Nintendo,0.87,0.31,0.13,0.1,1.41
273,Paper Mario,N64,2000,Role-Playing,Nintendo,0.58,0.18,0.59,0.02,1.38
274,Bravely Default: Flying Fairy,3DS,2012,Role-Playing,Nintendo,0.5,0.32,0.49,0.07,1.38
275,Pocket Monsters Stadium,N64,1998,Strategy,Nintendo,0,0,1.37,0,1.37
276,Yoshi's New Island,3DS,2014,Platform,Nintendo,0.47,0.51,0.28,0.09,1.36
277,Mario & Luigi: Partners in Time,DS,2005,Role-Playing,Nintendo,0.77,0.07,0.43,0.08,1.34
278,Donkey Kong Jungle Beat,GC,2004,Platform,Nintendo,0.84,0.22,0.24,0.04,1.34
279,Metroid Prime 2: Echoes,GC,2004,Shooter,Nintendo,0.87,0.35,0.07,0.04,1.33
280,Pokemon Ranger: Guardian Signs,DS,2010,Role-Playing,Nintendo,0.51,0.17,0.58,0.06,1.33
281,Gyromite,NES,1985,Puzzle,Nintendo,0.73,0.16,0.4,0.03,1.32
282,Yoshi's Woolly World,WiiU,2015,Platform,Nintendo,0.61,0.47,0.11,0.1,1.29
283,Mystery Case Files: MillionHeir,DS,2008,Adventure,Nintendo,0.76,0.4,0,0.12,1.29
284,Yakuman,GB,1989,Misc,Nintendo,0,0,1.28,0,1.28
285,Kid Icarus: Uprising,3DS,2012,Action,Nintendo,0.48,0.35,0.36,0.07,1.28
286,Pokemon Mystery Dungeon: Gates to Infinity,3DS,2012,Role-Playing,Nintendo,0.44,0.3,0.47,0.06,1.27
287,Hogan's Alley,NES,1984,Shooter,Nintendo,0.68,0.16,0.41,0.02,1.27
288,Hyrule Warriors,WiiU,2014,Action,Nintendo,0.61,0.42,0.13,0.1,1.26
289,Pokemon XD: Gale of Darkness,GC,2005,Role-Playing,Nintendo,0.71,0.19,0.31,0.03,1.25
290,Diddy Kong Racing DS,DS,2007,Racing,Nintendo,1.1,0.04,0,0.1,1.24
291,Tetris 2 (All region sales),GB,1992,Puzzle,Nintendo,0.56,0.22,0.43,0.03,1.24
292,Kirby Tilt 'n' Tumble,GB,2000,Puzzle,Nintendo,0.29,0.17,0.75,0.02,1.23
293,Donkey Kong Country 2,GBA,2004,Platform,Nintendo,0.79,0.27,0.12,0.04,1.23
294,"WarioWare, Inc.: Mega MicroGame$",GBA,2003,Puzzle,Nintendo,0.4,0.11,0.7,0.02,1.23
295,Mario Power Tennis,GC,2004,Sports,Nintendo,0.58,0.16,0.46,0.03,1.22
296,Game & Watch Gallery 2,GB,1997,Misc,Nintendo,0.76,0.3,0.12,0.04,1.22
297,Game & Watch Gallery 3,GB,1999,Misc,Nintendo,0.79,0.31,0.08,0.04,1.22
298,Golden Sun: The Lost Age,GBA,2002,Role-Playing,Nintendo,0.61,0.27,0.27,0.07,1.22
299,Pikmin 2,GC,2004,Strategy,Nintendo,0.48,0.13,0.56,0.03,1.2
300,SolarStriker,GB,1989,Shooter,Nintendo,0.4,0.39,0.36,0.04,1.2
301,Mario vs. Donkey Kong 2: March of the Minis,DS,2006,Puzzle,Nintendo,0.74,0.03,0.36,0.07,1.2
302,PokéPark Wii: Pikachu's Adventure,Wii,2009,Adventure,Nintendo,0.55,0.17,0.42,0.06,1.2
303,Captain Toad: Treasure Tracker,WiiU,2014,Puzzle,Nintendo,0.56,0.36,0.19,0.09,1.19
304,Kobe Bryant in NBA Courtside,N64,1998,Sports,Nintendo,1.02,0.13,0.04,0.01,1.19
305,Final Fantasy I & II: Dawn of Souls,GBA,2004,Role-Playing,Nintendo,0.64,0.24,0.29,0.02,1.19
306,Pokemon Super Mystery Dungeon,3DS,2015,Role-Playing,Nintendo,0.46,0.31,0.33,0.08,1.19
307,Mario Tennis,GB,2000,Sports,Nintendo,0.5,0.18,0.44,0.06,1.18
308,Wario Land: Shake It!,Wii,2008,Platform,Nintendo,0.6,0.31,0.15,0.11,1.17
309,Mario vs. Donkey Kong,GBA,2004,Puzzle,Nintendo,0.68,0.25,0.21,0.02,1.17
310,Jet Force Gemini,N64,1999,Shooter,Nintendo,0.78,0.28,0.07,0.02,1.16
311,Qix,GB,1990,Puzzle,Nintendo,0.51,0.2,0.41,0.03,1.15
312,Donkey Konga,GC,2003,Misc,Nintendo,0.5,0.16,0.46,0.03,1.15
313,Pokemon Rumble Blast,3DS,2011,Action,Nintendo,0.47,0.26,0.35,0.07,1.14
314,Pilotwings,SNES,1990,Simulation,Nintendo,0.46,0.17,0.48,0.02,1.14
315,Super R.C. Pro-Am,GB,1991,Racing,Nintendo,0.58,0.37,0.15,0.04,1.14
316,Fantasy Life,3DS,2012,Role-Playing,Nintendo,0.33,0.37,0.37,0.06,1.13
317,Donkey Kong,NES,1983,Platform,Nintendo,0.23,0.05,0.84,0.01,1.13
318,Pokémon Mystery Dungeon: Red Rescue Team (US weekly sales),GBA,2005,Role-Playing,Nintendo,0.81,0.3,0,0.02,1.13
319,Pilotwings 64,N64,1996,Simulation,Nintendo,0.56,0.24,0.3,0.02,1.12
320,Yoshi's Cookie,NES,1992,Puzzle,Nintendo,0.41,0.06,0.63,0.02,1.12
321,Donkey Kong Jr.,NES,1983,Platform,Nintendo,0.33,0.07,0.7,0.01,1.11
322,Pikmin 3,WiiU,2013,Strategy,Nintendo,0.45,0.31,0.29,0.06,1.11
323,The Legend of Zelda: Tri Force Heroes,3DS,2015,Action,Nintendo,0.52,0.33,0.17,0.08,1.1
324,F-Zero X,N64,1998,Racing,Nintendo,0.45,0.33,0.29,0.03,1.1
325,Popeye,NES,1983,Platform,Nintendo,0.51,0.12,0.45,0.02,1.1
326,Tales of Symphonia,GC,2003,Role-Playing,Nintendo,0.54,0.21,0.31,0.04,1.1
327,Endless Ocean,Wii,2007,Adventure,Nintendo,0.44,0.47,0.09,0.09,1.09
328,LEGO City Undercover,WiiU,2013,Platform,Nintendo,0.47,0.4,0.13,0.08,1.08
329,Star Fox: Assault,GC,2005,Shooter,Nintendo,0.68,0.18,0.19,0.03,1.08
330,Super Princess Peach,DS,2005,Platform,Nintendo,0.72,0.06,0.21,0.07,1.07
331,Pokemon Conquest,DS,2012,Role-Playing,Nintendo,0.58,0.06,0.37,0.04,1.05
332,Naruto: Clash of Ninja 2,GC,2003,Fighting,Nintendo,0.44,0.12,0.45,0.03,1.04
333,F-Zero: Maximum Velocity,GBA,2001,Racing,Nintendo,0.39,0.16,0.37,0.12,1.04
334,Kirby: Mass Attack,DS,2011,Platform,Nintendo,0.52,0.06,0.41,0.05,1.04
335,Donkey Kong Land III,GB,N/A,Platform,Nintendo,0.68,0.31,0,0.04,1.03
336,Bayonetta 2,WiiU,2014,Action,Nintendo,0.34,0.28,0.1,0.3,1.01
337,Excitebike 64,N64,2000,Racing,Nintendo,0.65,0.15,0.19,0.01,1
338,NES Open Tournament Golf,NES,1991,Sports,Nintendo,0.41,0.1,0.47,0.02,1
339,Game & Watch Gallery,GB,1997,Misc,Nintendo,0.63,0.25,0.09,0.03,1
340,Xenoblade Chronicles,Wii,2010,Role-Playing,Nintendo,0.49,0.26,0.16,0.08,0.98
341,Mario Party Advance,GBA,2005,Misc,Nintendo,0.5,0.19,0.28,0.02,0.98
342,Tetris 2,NES,1993,Puzzle,Nintendo,0.62,0.13,0.21,0.02,0.98
343,Fire Emblem,GBA,2003,Strategy,Nintendo,0.49,0.18,0.29,0.01,0.97
344,PilotWings Resort,3DS,2011,Simulation,Nintendo,0.4,0.36,0.13,0.07,0.96
345,Wii Play: Motion,Wii,2011,Misc,Nintendo,0.24,0.43,0.18,0.09,0.95
346,Star Fox 64 3D,3DS,2011,Shooter,Nintendo,0.48,0.27,0.13,0.07,0.94
347,Mario Tennis Open,3DS,2012,Sports,Nintendo,0.26,0.29,0.33,0.05,0.94
348,The Legend of Zelda: Twilight Princess HD,WiiU,2016,Action,Nintendo,0.48,0.3,0.08,0.08,0.94
349,Balloon Fight,NES,1985,Platform,Nintendo,0.39,0.09,0.43,0.01,0.92
350,Disney Magical World,3DS,2013,Adventure,Nintendo,0.16,0.2,0.53,0.03,0.92
351,Fossil Fighters,DS,2008,Role-Playing,Nintendo,0.84,0,0,0.06,0.9
352,Classic NES Series: The Legend of Zelda,GBA,2004,Adventure,Nintendo,0.46,0.17,0.24,0.02,0.89
353,Fire Emblem: The Sacred Stones,GBA,2004,Strategy,Nintendo,0.42,0.16,0.3,0.02,0.89
354,Pokemon Card GB2: Here Comes Team GR!,GB,2001,Strategy,Nintendo,0,0,0.89,0,0.89
355,Wii Fit U,WiiU,2013,Sports,Nintendo,0.39,0.24,0.21,0.06,0.89
356,Endless Ocean: Blue World,Wii,2009,Simulation,Nintendo,0.47,0.22,0.12,0.07,0.88
357,The Legendary Starfy,DS,2008,Platform,Nintendo,0.61,0,0.2,0.05,0.86
358,Kirby: Planet Robobot,3DS,2016,Action,Nintendo,0.26,0.1,0.44,0.04,0.85
359,Golden Sun: Dark Dawn,DS,2010,Role-Playing,Nintendo,0.56,0.11,0.13,0.05,0.84
360,Xenoblade Chronicles X,WiiU,2015,Role-Playing,Nintendo,0.36,0.28,0.14,0.06,0.84
361,Metroid: Zero Mission,GBA,2004,Adventure,Nintendo,0.6,0.22,0,0.01,0.84
362,Clu Clu Land,NES,1984,Puzzle,Nintendo,0.42,0.1,0.28,0.02,0.82
363,Killer Instinct Gold,N64,1996,Fighting,Nintendo,0.61,0.19,0,0.01,0.82
364,The Legend of Zelda: Four Swords Adventures,GC,2004,Action,Nintendo,0.63,0.16,0,0.02,0.81
365,EarthBound,SNES,1994,Role-Playing,Nintendo,0,0,0.81,0,0.81
366,Mario & Sonic at the Sochi 2014 Olympic Winter Games,WiiU,2013,Sports,Nintendo,0.39,0.22,0.13,0.06,0.8
367,Capcom's Soccer Shootout,SNES,1993,Sports,Nintendo,0,0,0.8,0,0.8
368,Major League Baseball Featuring Ken Griffey Jr,N64,1998,Sports,Nintendo,0.75,0.03,0,0.01,0.79
369,Personal Trainer: Walking,DS,2008,Sports,Nintendo,0.22,0.32,0.17,0.07,0.79
370,PokePark 2: Wonders Beyond,Wii,2011,Action,Nintendo,0.27,0.2,0.27,0.05,0.79
371,Professor Layton and the Azran Legacy,3DS,2013,Puzzle,Nintendo,0,0.48,0.25,0.06,0.78
372,Metroid Prime Hunters,DS,2006,Shooter,Nintendo,0.58,0.04,0.11,0.06,0.78
373,Tetris Party Deluxe,DS,2010,Puzzle,Nintendo,0.29,0.3,0.12,0.07,0.78
374,Pokemon Dash,DS,2004,Racing,Nintendo,0.21,0.14,0.38,0.04,0.77
375,Donkey Kong Country 3,GBA,2005,Platform,Nintendo,0.45,0.17,0.14,0.01,0.77
376,Jump Ultimate Stars,DS,2006,Fighting,Nintendo,0,0,0.74,0,0.74
377,Mario & Luigi: Paper Jam,3DS,2015,Role-Playing,Nintendo,0.16,0.3,0.25,0.04,0.74
378,Sword of Mana,GBA,2003,Role-Playing,Nintendo,0.31,0.11,0.3,0.02,0.74
379,Classic NES Series: Donkey Kong,GBA,2004,Platform,Nintendo,0.4,0.15,0.17,0.01,0.73
380,Yoshi,GB,1991,Puzzle,Nintendo,0,0,0.73,0,0.73
381,Kirby: Canvas Curse,DS,2005,Platform,Nintendo,0.37,0,0.32,0.04,0.73
382,Practise English!,DS,2007,Misc,Nintendo,0,0,0.73,0,0.73
383,Just Dance Wii,Wii,2011,Misc,Nintendo,0,0,0.73,0,0.73
384,Style Savvy: Trendsetters,3DS,2012,Simulation,Nintendo,0.16,0.02,0.53,0.01,0.72
385,Monster Hunter Tri,WiiU,2012,Role-Playing,Nintendo,0.26,0.19,0.22,0.04,0.72
386,Rhythm Heaven: The Best+,3DS,2015,Misc,Nintendo,0,0,0.71,0,0.71
387,Blast Corps,N64,1997,Action,Nintendo,0.39,0.09,0.17,0.06,0.71
388,"WarioWare, Inc.: Mega Party Game$",GC,2003,Puzzle,Nintendo,0.2,0.05,0.44,0.02,0.71
389,Advance Wars,GBA,2001,Strategy,Nintendo,0.5,0.19,0,0.01,0.7
390,Classic NES Series: Zelda II: The Adventure of Link,GBA,2004,Adventure,Nintendo,0.37,0.14,0.17,0.01,0.7
391,Fire Emblem: Monsh? no Nazo,SNES,1994,Role-Playing,Nintendo,0,0,0.7,0,0.7
392,Mario Pinball Land,GBA,2004,Misc,Nintendo,0.5,0.18,0,0.01,0.69
393,Nintendo Presents: New Style Boutique 2 - Fashion Forward,3DS,2015,Misc,Nintendo,0.01,0.61,0.02,0.04,0.69
394,Kirby's Dream Collection: Special Edition,Wii,2012,Action,Nintendo,0.34,0,0.33,0.02,0.68
395,The Last Story,Wii,2011,Role-Playing,Nintendo,0.32,0.13,0.18,0.04,0.68
396,Fossil Fighters: Champions,DS,2010,Role-Playing,Nintendo,0.32,0,0.34,0.02,0.68
397,100 Classic Books,DS,2008,Misc,Nintendo,0.13,0.52,0,0.02,0.67
398,Wario: Master of Disguise,DS,2007,Platform,Nintendo,0.28,0.02,0.33,0.03,0.66
399,New Play Control! Pikmin,Wii,2008,Strategy,Nintendo,0.29,0.14,0.19,0.04,0.66
400,F-Zero GX,GC,2003,Racing,Nintendo,0.41,0.11,0.12,0.02,0.65
401,Yoshi Topsy-Turvy,GBA,2004,Platform,Nintendo,0.25,0.09,0.3,0.01,0.65
402,Advance Wars 2: Black Hole Rising,GBA,2003,Strategy,Nintendo,0.47,0.17,0,0.01,0.65
403,Fire Emblem: Shadow Dragon,DS,2008,Role-Playing,Nintendo,0.31,0.03,0.27,0.03,0.65
404,Cruis'n World,N64,1998,Racing,Nintendo,0.59,0.04,0,0.01,0.64
405,Donkey Kong Barrel Blast,Wii,2007,Racing,Nintendo,0.2,0.26,0.11,0.06,0.64
406,Metroid Prime: Trilogy,Wii,2009,Shooter,Nintendo,0.43,0.05,0,0.14,0.63
407,Advance Wars: Days of Ruin,DS,N/A,Strategy,Nintendo,0.44,0.13,0,0.06,0.63
408,Mario's Picross,GB,1995,Puzzle,Nintendo,0,0,0.62,0,0.62
409,Ganbaru Watashi no Kakei Diary,DS,2007,Misc,Nintendo,0,0,0.61,0,0.61
410,New Play Control! Donkey Kong Jungle Beat,Wii,2008,Platform,Nintendo,0.24,0.17,0.14,0.05,0.61
411,Final Fantasy IV Advance,GBA,2005,Role-Playing,Nintendo,0.27,0.1,0.22,0.01,0.61
412,Game & Watch Gallery 4,GBA,2002,Misc,Nintendo,0.43,0.16,0,0.01,0.61
413,New Play Control! Pikmin 2,Wii,2009,Strategy,Nintendo,0.11,0.14,0.33,0.02,0.6
414,Wave Race: Blue Storm,GC,2001,Racing,Nintendo,0.4,0.1,0.09,0.02,0.6
415,WarioWare D.I.Y.,DS,2009,Misc,Nintendo,0.18,0.19,0.2,0.04,0.6
416,Mickey's Speedway USA,N64,2000,Racing,Nintendo,0.37,0.08,0.14,0.01,0.6
417,Pokemon Trozei!,DS,2005,Puzzle,Nintendo,0.26,0,0.31,0.02,0.6
418,Kirby's Dream Course,SNES,1994,Sports,Nintendo,0,0,0.59,0,0.59
419,Fire Emblem: Seisen no Keifu,SNES,1996,Strategy,Nintendo,0,0,0.58,0,0.58
420,Rooms: The Main Building,DS,2010,Adventure,Nintendo,0.1,0.41,0.01,0.06,0.58
421,Tetris Party Deluxe,Wii,2010,Puzzle,Nintendo,0.34,0.17,0.02,0.05,0.58
422,The Mysterious Murasame Castle,NES,1986,Action,Nintendo,0,0,0.57,0,0.57
423,Donkey Kong Jungle Climber,DS,2007,Platform,Nintendo,0.26,0.04,0.24,0.03,0.56
424,Classic NES Series: Dr. Mario,GBA,2004,Puzzle,Nintendo,0.31,0.11,0.13,0.01,0.56
425,Hotel Dusk: Room 215,DS,2007,Adventure,Nintendo,0.27,0.05,0.22,0.03,0.56
426,Xenoblade Chronicles,3DS,2015,Role-Playing,Nintendo,0.26,0.14,0.12,0.04,0.56
427,Hamtaro: Ham-Hams Unite!,GB,2001,Role-Playing,Nintendo,0,0,0.56,0,0.56
428,DS Bimoji Training,DS,2008,Misc,Nintendo,0,0,0.56,0,0.56
429,Jump Super Stars,DS,2005,Fighting,Nintendo,0,0,0.55,0,0.55
430,Excite Truck,Wii,2006,Racing,Nintendo,0.4,0.03,0.08,0.04,0.54
431,Inazuma Eleven,DS,2008,Role-Playing,Nintendo,0,0.14,0.38,0.02,0.54
432,Fire Emblem: Path of Radiance,GC,2005,Action,Nintendo,0.29,0.08,0.16,0.01,0.54
433,Star Fox Command,DS,2006,Shooter,Nintendo,0.39,0.01,0.1,0.04,0.54
434,Inazuma Eleven GO,3DS,2011,Role-Playing,Nintendo,0,0.05,0.48,0,0.54
435,Kirby and the Rainbow Curse,WiiU,2015,Platform,Nintendo,0.23,0.14,0.12,0.04,0.53
436,Picross 3D,DS,2009,Puzzle,Nintendo,0.3,0.03,0.16,0.03,0.53
437,Wayne Gretzky's 3D Hockey,N64,1996,Sports,Nintendo,0.49,0.03,0,0,0.53
438,Mario Tennis: Power Tour,GBA,2005,Sports,Nintendo,0.24,0.09,0.19,0.01,0.52
439,Naruto Shippuden: Clash of Ninja Revolution 3,Wii,2009,Fighting,Nintendo,0.45,0.04,0,0.04,0.52
440,Kenkou Ouen Recipe 1000: DS Kondate Zenshuu,DS,2006,Misc,Nintendo,0,0,0.52,0,0.52
441,Jam With the Band,DS,2008,Misc,Nintendo,0,0,0.51,0,0.51
442,Fire Emblem: Radiant Dawn,Wii,2007,Strategy,Nintendo,0.28,0.03,0.17,0.03,0.51
443,Wrecking Crew,NES,1985,Platform,Nintendo,0,0,0.51,0,0.51
444,Picross DS,DS,2007,Puzzle,Nintendo,0.17,0.02,0.3,0.02,0.51
445,Tactics Ogre: The Knight of Lodis,GBA,2001,Role-Playing,Nintendo,0.13,0.05,0.31,0.01,0.5
446,Fortune Street,Wii,2011,Misc,Nintendo,0.27,0.04,0.17,0.02,0.5
447,Mario & Wario,SNES,1993,Puzzle,Nintendo,0,0,0.49,0,0.49
448,Pokemon Art Academy,3DS,2014,Misc,Nintendo,0.18,0.12,0.16,0.03,0.49
449,Steel Diver,3DS,2011,Action,Nintendo,0.31,0.1,0.05,0.03,0.49
450,Children of Mana,DS,2006,Role-Playing,Nintendo,0.16,0.01,0.29,0.02,0.48
451,Mario Golf: World Tour,3DS,2014,Sports,Nintendo,0.15,0.14,0.17,0.03,0.48
452,FlingSmash,Wii,2010,Action,Nintendo,0.38,0.01,0.07,0.02,0.48
453,Bravely Second: End Layer,3DS,2015,Role-Playing,Nintendo,0.16,0.11,0.18,0.03,0.47
454,Densetsu no Stafi,GBA,2002,Platform,Nintendo,0,0,0.46,0.01,0.47
455,Bomberman Hero,N64,1998,Platform,Nintendo,0.27,0.06,0.08,0.05,0.47
456,Dance Dance Revolution: Mario Mix,GC,2005,Misc,Nintendo,0.36,0.09,0,0.01,0.47
457,Classic NES Series: Pac-Man,GBA,2004,Puzzle,Nintendo,0.25,0.09,0.12,0.01,0.46
458,Art Academy: Lessons for Everyone,3DS,2012,Action,Nintendo,0.2,0.03,0.21,0.02,0.46
459,Mario & Sonic at the Rio 2016 Olympic Games,3DS,2016,Action,Nintendo,0.04,0.16,0.24,0.01,0.46
460,Mother 1+2,GBA,2003,Role-Playing,Nintendo,0,0,0.45,0.01,0.46
461,Puzzle & Dragons Z + Super Mario Bros. Edition,3DS,2015,Puzzle,Nintendo,0.05,0.05,0.34,0.01,0.46
462,Samurai Warriors 3,Wii,2009,Action,Nintendo,0.1,0.02,0.32,0.01,0.45
463,Pokemon Puzzle League,N64,2000,Puzzle,Nintendo,0.36,0.08,0,0.01,0.45
464,Mario Tennis Ultra Smash,WiiU,2015,Sports,Nintendo,0.13,0.16,0.13,0.03,0.45
465,Mario Golf: Advance Tour,GBA,2004,Sports,Nintendo,0.32,0.12,0,0.01,0.45
466,Densetsu no Stafi 2,GBA,2003,Platform,Nintendo,0,0,0.43,0.01,0.44
467,Sin and Punishment: Star Successor,Wii,2009,Shooter,Nintendo,0.2,0.14,0.06,0.04,0.44
468,Wario World,GC,2003,Platform,Nintendo,0.34,0.09,0,0.01,0.44
469,Eternal Darkness: Sanity's Requiem,GC,2002,Adventure,Nintendo,0.34,0.09,0,0.01,0.44
470,Master of Illusion,DS,2006,Puzzle,Nintendo,0.16,0,0.26,0.01,0.44
471,Classic NES Series: Metroid,GBA,2004,Adventure,Nintendo,0.26,0.1,0.07,0.01,0.43
472,Mischief Makers,N64,1997,Platform,Nintendo,0.25,0.06,0.07,0.06,0.43
473,Famicom Mini: Super Mario Bros. 2,GBA,2004,Platform,Nintendo,0,0,0.41,0.01,0.42
474,Dr. Mario 64,N64,2001,Puzzle,Nintendo,0.34,0.07,0,0,0.42
475,Zack & Wiki: Quest for Barbaros' Treasure,Wii,2007,Adventure,Nintendo,0.18,0.17,0.03,0.04,0.42
476,Animal Crossing: Amiibo Festival,WiiU,2015,Misc,Nintendo,0.19,0.11,0.09,0.03,0.42
477,Hyrule Warriors,3DS,2016,Action,Nintendo,0.16,0.12,0.11,0.03,0.42
478,Ogre Battle 64: Person of Lordly Caliber,N64,1999,Role-Playing,Nintendo,0.1,0.02,0.25,0.04,0.41
479,The Wonderful 101,WiiU,2013,Action,Nintendo,0.2,0.1,0.08,0.03,0.41
480,Mario no Super Picross,SNES,1995,Puzzle,Nintendo,0,0,0.41,0,0.41
481,Story of Seasons,3DS,2014,Simulation,Nintendo,0,0.13,0.26,0.01,0.4
482,Advance Wars: Dual Strike,DS,2005,Strategy,Nintendo,0.3,0.03,0.04,0.03,0.4
483,Battalion Wars,GC,2005,Strategy,Nintendo,0.25,0.07,0.07,0.01,0.4
484,RR64: Ridge Racer 64,N64,1999,Racing,Nintendo,0.32,0.07,0,0,0.4
485,Mother 3,GBA,2006,Role-Playing,Nintendo,0,0,0.39,0.01,0.4
486,Wii Sports Club,WiiU,2014,Sports,Nintendo,0.19,0.14,0.04,0.03,0.4
487,Fire Emblem: Fuuin no Tsurugi,GBA,2002,Role-Playing,Nintendo,0,0,0.39,0,0.39
488,Donkey Konga 2,GC,2004,Misc,Nintendo,0.3,0.08,0,0.01,0.39
489,Mystery Case Files: The Malgrave Incident,Wii,2011,Adventure,Nintendo,0.19,0.17,0,0.03,0.39
490,Yoshi Touch & Go,DS,2005,Platform,Nintendo,0.34,0.02,0,0.03,0.39
491,Custom Robo V2,N64,2000,Fighting,Nintendo,0,0,0.34,0.05,0.39
492,Chibi-Robo! Plug into Adventure!,GC,2005,Adventure,Nintendo,0.23,0.06,0.09,0.01,0.39
493,Super Soccer,SNES,1991,Sports,Nintendo,0,0,0.38,0,0.38
494,Wario Land II (GBC),GB,1998,Platform,Nintendo,0,0,0.38,0,0.38
495,Elite Beat Agents,DS,2006,Misc,Nintendo,0.31,0.03,0,0.03,0.38
496,Pokemon Channel,GC,2003,Adventure,Nintendo,0.24,0.06,0.07,0.01,0.38
497,Custom Robo,GC,2004,Role-Playing,Nintendo,0.29,0.07,0,0.01,0.37
498,Pac-Man World 2,GC,2002,Action,Nintendo,0.28,0.07,0,0.01,0.37
499,Trauma Center: Under the Knife,DS,2005,Simulation,Nintendo,0.3,0.01,0.02,0.03,0.37
500,Hamtaro: Ham-Ham Heartbreak,GBA,2002,Action,Nintendo,0.26,0.1,0,0.01,0.36
501,Kirby's Dream Land 3,SNES,1997,Platform,Nintendo,0,0,0.36,0,0.36
502,Tetrisphere,N64,1997,Puzzle,Nintendo,0.29,0.06,0,0,0.36
503,Trauma Center: Second Opinion,Wii,2006,Simulation,Nintendo,0.28,0.02,0.03,0.03,0.35
504,Picross 2,GB,1996,Puzzle,Nintendo,0,0,0.35,0,0.35
505,Battalion Wars 2,Wii,2007,Strategy,Nintendo,0.22,0.03,0.08,0.02,0.35
506,Fossil Fighters: Frontier,3DS,2014,Role-Playing,Nintendo,0.08,0.04,0.23,0.01,0.35
507,Star Fox: Zero,WiiU,2016,Shooter,Nintendo,0.16,0.1,0.07,0.03,0.35
508,Stunt Race FX,SNES,1993,Racing,Nintendo,0,0,0.35,0,0.35
509,Etrian Odyssey,DS,2007,Role-Playing,Nintendo,0.2,0.03,0.09,0.02,0.34
510,Classic NES Series: Ice Climber,GBA,2004,Platform,Nintendo,0.1,0.04,0.2,0.01,0.34
511,Pandora's Tower,Wii,2011,Role-Playing,Nintendo,0.13,0.1,0.08,0.03,0.33
512,Planet Puzzle League,DS,2007,Puzzle,Nintendo,0.14,0.01,0.16,0.01,0.33
513,Classic NES Series: Castlevania,GBA,2004,Platform,Nintendo,0.17,0.06,0.09,0.01,0.33
514,Custom Robo,N64,N/A,Role-Playing,Nintendo,0,0,0.29,0.04,0.33
515,Dr. Mario / Puzzle League,GBA,2005,Puzzle,Nintendo,0.12,0.04,0.16,0.01,0.33
516,Kirby's Block Ball,GB,1995,Puzzle,Nintendo,0,0,0.32,0,0.32
517,Mario Golf,GB,1999,Action,Nintendo,0,0,0.31,0,0.31
518,Doubutsu no Mori,N64,2001,Simulation,Nintendo,0,0,0.26,0.05,0.31
519,KuruKuru Kururin,GBA,2001,Puzzle,Nintendo,0,0,0.3,0.01,0.31
520,Gameboy Gallery,GB,1995,Misc,Nintendo,0,0,0.3,0,0.3
521,Trauma Center: New Blood,Wii,2007,Simulation,Nintendo,0.22,0.04,0.01,0.03,0.3
522,NES Remix,WiiU,2014,Action,Nintendo,0.2,0,0.08,0.02,0.3
523,Rhythm Tengoku,GBA,2006,Misc,Nintendo,0,0,0.3,0.01,0.3
524,Fossil Fighters (JP sales),DS,2008,Role-Playing,Nintendo,0,0,0.3,0,0.3
525,Glory of Heracles,DS,2008,Role-Playing,Nintendo,0.2,0,0.08,0.01,0.3
526,Trace Memory,DS,2005,Adventure,Nintendo,0.15,0.01,0.12,0.01,0.3
527,Punch-Out!!,Wii,2007,Sports,Nintendo,0.02,0.22,0.05,0,0.29
528,The New Tetris,N64,1999,Puzzle,Nintendo,0.22,0.05,0.02,0,0.29
529,Ken Griffey Jr.'s Slugfest,N64,1999,Sports,Nintendo,0.23,0.06,0,0,0.29
530,Just Dance Wii 2,Wii,2012,Misc,Nintendo,0,0,0.29,0,0.29
531,Battle & Get! Pokemon Typing DS,DS,2011,Misc,Nintendo,0,0,0.29,0,0.29
532,Tales of Phantasia,GBA,2003,Role-Playing,Nintendo,0.08,0.03,0.17,0.01,0.29
533,Final Fantasy VI Advance,GBA,2006,Role-Playing,Nintendo,0,0,0.28,0.01,0.28
534,Mega Man: Dr. Wily's Revenge,GB,1991,Platform,Nintendo,0,0,0.28,0,0.28
535,Mega Man II,GB,1991,Platform,Nintendo,0,0,0.28,0,0.28
536,Sing Party,WiiU,2012,Misc,Nintendo,0.13,0.12,0,0.02,0.28
537,Pokemon Box: Ruby & Sapphire,GC,2003,Misc,Nintendo,0,0,0.27,0.01,0.28
538,Donkey Kong GB: Dinky Kong & Dixie Kong,GB,2000,Platform,Nintendo,0,0,0.28,0,0.28
539,ExciteBots: Trick Racing,Wii,2009,Racing,Nintendo,0.26,0,0,0.02,0.28
540,Moero! Nekketsu Rhythm Damashii: Osu! Tatakae! Ouendan! 2,DS,2007,Misc,Nintendo,0,0,0.27,0,0.27
541,Baten Kaitos: Eternal Wings and the Lost Ocean,GC,2003,Role-Playing,Nintendo,0.21,0.05,0,0.01,0.27
542,Command & Conquer,N64,1999,Strategy,Nintendo,0.22,0.05,0,0,0.27
543,Tohoku Daigaku Karei Igaku Kenkyuusho - Kawashima Ryuuta Kyouju Kanshuu - Mono Sugoku Nou o Kitaeru 5-Funkan no Oni Training,3DS,2012,Action,Nintendo,0,0,0.27,0,0.27
544,Magical Vacation,GBA,2001,Role-Playing,Nintendo,0,0,0.26,0.01,0.27
545,America's Test Kitchen: Let's Get Cooking,DS,2010,Simulation,Nintendo,0.25,0,0,0.02,0.27
546,Fire Emblem: Shin Monshou no Nazo Hikari to Kage no Eiyuu,DS,2010,Strategy,Nintendo,0,0,0.27,0,0.27
547,DS Bungaku Zenshuu,DS,2007,Misc,Nintendo,0,0,0.26,0,0.26
548,Inazuma Eleven Strikers,Wii,2011,Role-Playing,Nintendo,0,0.01,0.25,0,0.26
549,Final Fantasy V Advance,GBA,2006,Role-Playing,Nintendo,0,0,0.26,0.01,0.26
550,Polarium,DS,2004,Puzzle,Nintendo,0.13,0.01,0.11,0.01,0.26
551,Classic NES Series: Bomberman,GBA,2004,Action,Nintendo,0.1,0.04,0.11,0.01,0.26
552,Fire Emblem: Thracia 776,SNES,1999,Strategy,Nintendo,0,0,0.26,0,0.26
553,Mario & Sonic at the Rio 2016 Olympic Games,WiiU,2016,Action,Nintendo,0.03,0.11,0.1,0.01,0.26
554,Metroid Prime Pinball,DS,2005,Misc,Nintendo,0.21,0,0.02,0.02,0.26
555,NBA Courtside 2 featuring Kobe Bryant,N64,1999,Sports,Nintendo,0.2,0.05,0,0,0.25
556,Freshly-Picked: Tingle's Rosy Rupeeland,DS,2006,Role-Playing,Nintendo,0,0.01,0.24,0,0.25
557,NBA Courtside 2002,GC,2002,Sports,Nintendo,0.19,0.05,0,0.01,0.25
558,Classic NES Series: Excitebike,GBA,2004,Racing,Nintendo,0.11,0.04,0.1,0.01,0.25
559,Classic NES Series: Xevious,GBA,2004,Shooter,Nintendo,0.08,0.03,0.12,0.01,0.25
560,DK: King of Swing,GBA,2005,Platform,Nintendo,0.17,0.06,0,0,0.24
561,Densetsu no Stafi 3,GBA,2004,Platform,Nintendo,0,0,0.23,0.01,0.24
562,Chibi-Robo! Zip Lash,3DS,2015,Platform,Nintendo,0.09,0.08,0.06,0.02,0.24
563,Game & Wario,WiiU,2013,Misc,Nintendo,0.06,0.06,0.11,0.01,0.24
564,Nintendo Presents: Crossword Collection,DS,2009,Puzzle,Nintendo,0,0.21,0,0.02,0.24
565,Girls Mode 3: Kirakira Code,3DS,2015,Action,Nintendo,0,0,0.23,0,0.23
566,Meteos,DS,2005,Puzzle,Nintendo,0.15,0.01,0.06,0.01,0.23
567,Last Window: The Secret of Cape West,DS,2010,Adventure,Nintendo,0,0.12,0.09,0.02,0.23
568,Tetris 2 (weekly jp sales),GB,1992,Puzzle,Nintendo,0,0,0.23,0,0.23
569,Naruto Shippuden: Ninja Council 4,DS,2007,Action,Nintendo,0.09,0,0.13,0.01,0.23
570,Super Swing Golf,Wii,2006,Sports,Nintendo,0.14,0.01,0.07,0.01,0.23
571,Super R-Type,SNES,1991,Shooter,Nintendo,0,0,0.23,0,0.23
572,Tetris Attack,GB,1996,Puzzle,Nintendo,0,0,0.23,0,0.23
573,Hamtaro: Ham-Ham Games,GBA,2004,Sports,Nintendo,0.16,0.06,0,0,0.22
574,Kirby's Star Stacker,GB,1997,Puzzle,Nintendo,0,0,0.22,0,0.22
575,Shin Megami Tensei x Fire Emblem,WiiU,2015,Role-Playing,Nintendo,0.1,0.04,0.06,0.01,0.22
576,Disney's Magical Quest Starring Mickey and Minnie,GBA,2002,Action,Nintendo,0.16,0.06,0,0,0.22
577,Spirit Camera: The Cursed Memoir,3DS,2012,Adventure,Nintendo,0.12,0.02,0.06,0.01,0.22
578,Yoshi Touch & Go (JP sales),DS,2005,Platform,Nintendo,0,0,0.22,0,0.22
579,Code Name: S.T.E.A.M.,3DS,2015,Strategy,Nintendo,0.14,0.05,0.01,0.02,0.22
580,Are You Smarter Than a 5th Grader? Back to School,Wii,2010,Misc,Nintendo,0.2,0,0,0.02,0.21
581,Heroes of Ruin,3DS,2012,Role-Playing,Nintendo,0.13,0.07,0,0.02,0.21
582,Solatorobo: Red the Hunter,DS,2010,Role-Playing,Nintendo,0.08,0.04,0.07,0.01,0.21
583,Little Battlers eXperience: Baku Boost,3DS,2012,Action,Nintendo,0,0,0.21,0,0.21
584,Trade & Battle: Card Hero,GB,2000,Strategy,Nintendo,0,0,0.2,0,0.2
585,Tekken 3D: Prime Edition,3DS,2012,Fighting,Nintendo,0.06,0.08,0.05,0.01,0.2
586,Ninja Gaiden 3,WiiU,2012,Action,Nintendo,0.15,0.03,0,0.02,0.19
587,Disney's Magical Mirror Starring Mickey Mouse,GC,2002,Adventure,Nintendo,0.15,0.04,0,0.01,0.19
588,Disney Magic World 2,3DS,2015,Action,Nintendo,0,0,0.19,0,0.19
589,Active Health with Carol Vorderman,DS,2009,Sports,Nintendo,0,0.18,0,0.01,0.19
590,Sudoku Gridmaster (JP sales),DS,2006,Puzzle,Nintendo,0,0,0.19,0,0.19
591,Daigasso! Band Brothers,DS,2004,Misc,Nintendo,0,0,0.19,0,0.19
592,Face Training,DS,2007,Misc,Nintendo,0,0,0.19,0,0.19
593,Magical Starsign (US sales),DS,2006,Role-Playing,Nintendo,0.16,0.03,0,0,0.19
594,GameBoy Wars,GB,1991,Strategy,Nintendo,0,0,0.18,0,0.18
595,Pokémon I Choose You / Squirtle Squad Game Boy Advance Video,GBA,2004,Misc,Nintendo,0.13,0.05,0,0,0.18
596,Daigasso! Band Brothers P,3DS,2013,Misc,Nintendo,0,0,0.18,0,0.18
597,Sudoku Gridmaster,DS,2006,Puzzle,Nintendo,0.13,0.03,0,0.01,0.17
598,Pokémon Beach Blank-out Blastoise / Go West Young Meowth Game Boy Advance Video,GBA,2004,Misc,Nintendo,0.12,0.05,0,0,0.17
599,Custom Robo Arena,DS,2006,Fighting,Nintendo,0.02,0.02,0.12,0,0.17
600,Densetsu no Stafi 4,DS,2006,Platform,Nintendo,0,0,0.17,0,0.17
601,Street Fighter Alpha 2,SNES,1996,Fighting,Nintendo,0,0,0.17,0,0.17
602,Itoi Shigesato no Bass Tsuri No. 1,SNES,1997,Sports,Nintendo,0,0,0.17,0,0.17
603,Cubivore: Survival of the Fittest,GC,2002,Adventure,Nintendo,0.01,0,0.15,0,0.17
604,True Swing Golf,DS,2005,Sports,Nintendo,0.11,0,0.04,0.01,0.16
605,DS Rakubiki Jiten,DS,2005,Misc,Nintendo,0,0,0.16,0,0.16
606,Starcraft 64,N64,2000,Strategy,Nintendo,0.13,0.03,0,0,0.16
607,F-Zero: GP Legend,GBA,2003,Racing,Nintendo,0.11,0.04,0,0,0.16
608,Culdcept,3DS,2012,Misc,Nintendo,0,0,0.16,0,0.16
609,Tetris Attack,SNES,1995,Puzzle,Nintendo,0,0,0.15,0,0.15
610,Geist,GC,2005,Adventure,Nintendo,0.11,0.03,0,0,0.15
611,Okaeri! Chibi-Robo! Happy Richie Oosouji,DS,2009,Adventure,Nintendo,0,0,0.14,0,0.14
612,Doshin the Giant,GC,2002,Simulation,Nintendo,0,0,0.14,0,0.14
613,Mr. Driller: Drill Spirits,DS,2004,Puzzle,Nintendo,0.08,0,0.05,0.01,0.14
614,Magnetica,DS,2006,Puzzle,Nintendo,0.08,0.01,0.03,0.01,0.14
615,Kororinpa: Marble Mania,Wii,2006,Puzzle,Nintendo,0.08,0.02,0.03,0.01,0.14
616,Illusion of Gaia,SNES,1993,Role-Playing,Nintendo,0,0,0.13,0,0.13
617,Sin and Punishment,N64,2000,Shooter,Nintendo,0,0,0.13,0,0.13
618,Pokémon: For Ho-Oh the Bells Toll!: Game Boy Advance Video,GBA,2004,Misc,Nintendo,0.09,0.03,0,0,0.13
619,Eyeshield 21: Max Devil Power,DS,2006,Role-Playing,Nintendo,0,0,0.12,0,0.12
620,ASH: Archaic Sealed Heat,DS,2007,Role-Playing,Nintendo,0,0,0.12,0,0.12
621,Pocket Soccer League: Calciobit,3DS,2012,Sports,Nintendo,0,0,0.11,0,0.11
622,Fatal Frame: Maiden of Black Water,WiiU,2014,Action,Nintendo,0,0.03,0.08,0,0.11
623,Zangeki no Reginleiv,Wii,2010,Action,Nintendo,0,0,0.11,0,0.11
624,Kousoku Card Battle: Card Hero,DS,2007,Strategy,Nintendo,0,0,0.11,0,0.11
625,Odama,GC,2006,Misc,Nintendo,0.07,0.02,0.02,0,0.11
626,Soma Bringer,DS,2008,Role-Playing,Nintendo,0,0,0.11,0,0.11
627,Famicom Mini: Famicom Tantei Club - Kieta Koukeisha Zenkouhen,GBA,2004,Adventure,Nintendo,0,0,0.11,0,0.11
628,Irozuki Tingle no Koi no Balloon Trip,DS,2009,Adventure,Nintendo,0,0,0.11,0,0.11
629,Picross 3D 2,3DS,2015,Puzzle,Nintendo,0,0,0.11,0,0.11
630,Dynasty Warriors Advance,GBA,2005,Action,Nintendo,0.08,0.03,0,0,0.11
631,Mega Man Battle Network 5: Double Team DS (JP sales),DS,2005,Role-Playing,Nintendo,0,0,0.11,0,0.11
632,Fatal Frame 2: Wii Edition,Wii,2012,Action,Nintendo,0,0,0.1,0,0.1
633,Mickey's Speedway USA (weekly JP sales),N64,2000,Racing,Nintendo,0,0,0.1,0,0.1
634,Project Hacker: Kakusei,DS,2006,Action,Nintendo,0,0,0.1,0,0.1
635,L'Aigle de Guerre,GBA,2001,Strategy,Nintendo,0,0,0.1,0,0.1
636,Nihon Keizai Shinbunsha Kanshuu: Shiranai Mamade wa Son o Suru Mono ya Okane no Shikumi DS,DS,2009,Misc,Nintendo,0,0,0.1,0,0.1
637,Famicom Mini: Famicom Tantei Club Part II - Ushiro ni Tatsu Shoujo Zenkouhen,GBA,2004,Adventure,Nintendo,0,0,0.1,0,0.1
638,Famicom Mini: Mappy,GBA,2004,Platform,Nintendo,0,0,0.09,0,0.1
639,Touch Mechanic,DS,2008,Simulation,Nintendo,0.09,0,0,0.01,0.1
640,Terranigma,SNES,1995,Role-Playing,Nintendo,0,0,0.09,0,0.09
641,Brain Age: Concentration Training,3DS,2012,Puzzle,Nintendo,0.09,0,0,0.01,0.09
642,Pokemon Rumble World,3DS,2015,Action,Nintendo,0,0.01,0.08,0,0.09
643,Disney Art Academy,3DS,2016,Action,Nintendo,0.01,0.01,0.07,0,0.09
644,Inazuma Eleven 3,3DS,2013,Role-Playing,Nintendo,0,0.08,0,0.01,0.09
645,Kurikin: Nano Island Story,DS,2007,Role-Playing,Nintendo,0,0,0.09,0,0.09
646,Tabi no Yubisashi Kaiwachou DS: DS Series 4 America,DS,2006,Misc,Nintendo,0,0,0.09,0,0.09
647,Just Dance Wii U,WiiU,2014,Misc,Nintendo,0,0,0.09,0,0.09
648,Famicom Mini: Famicom Mukashi Banashi - Shin Oniga Shima Zenkouhen,GBA,2004,Adventure,Nintendo,0,0,0.08,0,0.08
649,Famicom Mini: Mario Bros.,GBA,2004,Platform,Nintendo,0,0,0.08,0,0.08
650,Zero: Tsukihami no Kamen,Wii,N/A,Action,Nintendo,0,0,0.08,0,0.08
651,Famicom Mini: SD Gundam World Gachapon Senshi - Scramble Wars,GBA,2004,Strategy,Nintendo,0,0,0.08,0,0.08
652,Famicom Mini: Star Soldier,GBA,2004,Shooter,Nintendo,0,0,0.08,0,0.08
653,Minna no Joushiki Ryoku TV,Wii,2008,Misc,Nintendo,0,0,0.08,0,0.08
654,Disaster: Day of Crisis,Wii,2008,Action,Nintendo,0,0.03,0.04,0,0.08
655,Famicom Mini: Hikari Shinwa: Palutena no Kagami,GBA,2004,Platform,Nintendo,0,0,0.07,0,0.07
656,Mega Man Battle Network 5: Double Team DS (US sales),DS,2005,Role-Playing,Nintendo,0.07,0,0,0,0.07
657,DS Uranai Seikatsu,DS,2009,Misc,Nintendo,0,0,0.07,0,0.07
658,Make 10: A Journey of Numbers,DS,2007,Puzzle,Nintendo,0,0,0.07,0,0.07
659,Itoi Shigesato no Bass Tsuri No. 1 Ketteihan!,N64,2000,Sports,Nintendo,0,0,0.07,0,0.07
660,Famicom Mini: Nazo no Murasame-Jou,GBA,2004,Action,Nintendo,0,0,0.07,0,0.07
661,Famicom Mini: Wrecking Crew,GBA,2004,Puzzle,Nintendo,0,0,0.07,0,0.07
662,Mario Tennis,Wii,2010,Sports,Nintendo,0,0.06,0,0.01,0.07
663,Kanji Sonomama DS Rakubiki Jiten,DS,2006,Misc,Nintendo,0,0,0.07,0,0.07
664,Another Code R: A Journey into Lost Memories,Wii,2009,Adventure,Nintendo,0,0.03,0.03,0,0.06
665,Famicom Mini: Balloon Fight,GBA,2004,Action,Nintendo,0,0,0.06,0,0.06
666,Osu! Tatakae! Ouendan,DS,2005,Misc,Nintendo,0,0,0.06,0,0.06
667,Mario vs. Donkey Kong: Tipping Stars,3DS,2015,Puzzle,Nintendo,0,0,0.06,0,0.06
668,Devil's Third,WiiU,2015,Action,Nintendo,0.04,0.02,0,0.01,0.06
669,Eigo de Tabisuru: Little Charo,DS,2011,Misc,Nintendo,0,0,0.06,0,0.06
670,Tabi no Yubisashi Kaiwachou DS: DS Series 3 Kankoku,DS,2006,Misc,Nintendo,0,0,0.06,0,0.06
671,Dance Dance Revolution: Mario Mix (JP sales),GC,2005,Simulation,Nintendo,0,0,0.05,0,0.06
672,Culdcept Revolt,3DS,2016,Strategy,Nintendo,0,0,0.05,0,0.05
673,Mawashite Tsunageru Touch Panic,DS,2006,Puzzle,Nintendo,0,0,0.05,0,0.05
674,Tabi no Yubisashi Kaiwachou DS: DS Series 2 Chuugoku,DS,2006,Misc,Nintendo,0,0,0.05,0,0.05
675,QUIZ PARTY,Wii,2012,Misc,Nintendo,0,0.05,0,0,0.05
676,Wii de Asobu Chibi-Robo!,Wii,2009,Adventure,Nintendo,0,0,0.05,0,0.05
677,Tabi no Yubisashi Kaiwachou DS: DS Series 1 Thai,DS,2006,Misc,Nintendo,0,0,0.05,0,0.05
678,Sekai no Gohan Shaberu! DS Oryouri Navi,DS,2008,Misc,Nintendo,0,0,0.04,0,0.04
679,Minna ga Shuyaku no NHK Kouhaku Quiz Kassen,Wii,2009,Misc,Nintendo,0,0,0.04,0,0.04
680,Hana to Ikimo no Rittai Zukan,3DS,2011,Misc,Nintendo,0,0,0.04,0,0.04
681,Tabi no Yubisashi Kaiwachou DS: DS Series 5 Deutsch,DS,2006,Misc,Nintendo,0,0,0.04,0,0.04
682,Famicom Mini: Clu Clu Land,GBA,2004,Puzzle,Nintendo,0,0,0.04,0,0.04
683,Famicom Remix Best Choice,3DS,2015,Action,Nintendo,0,0,0.04,0,0.04
684,Magical Starsign (JP sales),DS,2006,Role-Playing,Nintendo,0,0,0.04,0,0.04
685,Electroplankton,DS,2005,Misc,Nintendo,0.01,0,0.02,0,0.03
686,Suujin Taisen,DS,2007,Strategy,Nintendo,0,0,0.03,0,0.03
687,Metroid Prime: Federation Force,3DS,2016,Action,Nintendo,0.02,0.01,0.01,0,0.03
688,Eyeshield 21: Field Saikyou no Senshi Tachi,Wii,2007,Role-Playing,Nintendo,0,0,0.03,0,0.03
689,Eyeshield 21: DevilBats DevilDays,GBA,2006,Role-Playing,Nintendo,0,0,0.03,0,0.03
690,Calcio Bit,GBA,2006,Sports,Nintendo,0,0,0.03,0,0.03
691,1000 Cooking Recipes from ELLE à table,DS,2010,Misc,Nintendo,0,0.02,0,0,0.03
692,Teddy Together,3DS,2016,Simulation,Nintendo,0,0.02,0,0,0.02
693,Wii de Asobu: Metroid Prime,Wii,N/A,Shooter,Nintendo,0,0,0.02,0,0.02
694,Wii de Asobu: Metroid Prime,Wii,N/A,Shooter,Nintendo,0,0,0.02,0,0.02
695,Otona no Renai Shousetsu: Harlequin Selection,DS,2010,Misc,Nintendo,0,0,0.02,0,0.02
696,Jet Impulse,DS,N/A,Simulation,Nintendo,0,0,0.02,0,0.02
697,Donkey Kong Jungle Beat,Wii,2008,Platform,Nintendo,0,0.01,0,0,0.01
698,Nintendogs and Cats Golden Retriever and New Friends,3DS,2011,Action,Nintendo,0,0.01,0,0,0.01
699,Slide Adventure: Mag Kid,DS,2007,Action,Nintendo,0,0,0.01,0,0.01
700,Mario vs. Donkey Kong: Tipping Stars,WiiU,2015,Puzzle,Nintendo,0,0,0.01,0,0.01
701,Art Academy: Home Studio,WiiU,2015,Misc,Nintendo,0,0,0.01,0,0.01
702,Captain Rainbow,Wii,2008,Adventure,Nintendo,0,0,0.01,0,0.01
703,Mario & Luigi: Paper Jam & Mario Kart 7 Double Pack,3DS,2015,Misc,Nintendo,0,0,0.01,0,0.01